<?xml version="1.0" encoding="UTF-8"?>
<metadata modelVersion="1.1.0">
  <groupId>org.springframework.samples</groupId>
  <artifactId>mvc-basic</artifactId>
  <version>1.0.0-SNAPSHOT</version>
  <versioning>
    <snapshot>
      <localCopy>true</localCopy>
    </snapshot>
    <lastUpdated>20120213061325</lastUpdated>
    <snapshotVersions>
      <snapshotVersion>
        <extension>war</extension>
        <value>1.0.0-SNAPSHOT</value>
        <updated>20120213061325</updated>
      </snapshotVersion>
      <snapshotVersion>
        <extension>pom</extension>
        <value>1.0.0-SNAPSHOT</value>
        <updated>20120213061325</updated>
      </snapshotVersion>
    </snapshotVersions>
  </versioning>
</metadata>
